name,amplicon_primer_sequences
DNMT1,CACAACAGCTTCATGTCAGCC;ACGTTAATGTTTCCTGATGGTCC
EMX1,CAGCTCAGCCTGAGTGTTGA;CTCGTGGGTTTGTGGTTGC
FANCF,CATTGCAGAGAGGCGTATCA;GGGGTCCCAGGTGCTGAC
HBB,AGGGTTGGCCAATCTACTCCC;GTCTTCTCTGTCTCCACATGCC
HEK3,ATGTGGGCTGCCTAGAAAGG;CCCAGCCAAACTTGTCAACC
HEK4,GAACCCAGGTAGCCAGAGAC;TCCTTTCAACCCGAACGGAG
HEXA,CATACAGGTGTGGCGAGAGG;CCAGCCTCCTTTGGTTAGCA
PRNP,GTCAGTGGAACAAGCCGAGT;ACTTGGTTGGGGTAACGGTG
RNF2,ACGTCTCATATGCCCCTTGG;ACGTAGGAATTTTGGTGGGACA
RUNX1,TCACAAACAAGACAGGGAACTG;AGATGTAGGGCTAGAGGGGTG
VEGFA,ACTTGGTGCCAAATTCTTCTCC;AAAGAGGGAATGGGCTTTGGA
