name,sgRNA_sequence
DNMT1_4h_+49,GCCCTTCAGCTAAAATAAAGG
DNMT1_5d,GCCGCGCGCGCGAAAAAGCCG
EMX1_3b_+14,GCGCCACCGGTTGATGTGAT
EMX1_3b_+27,GCTTCGTGGCAATGCGCCAC
EMX1_3b_+53,GACATCGATGTCCTCCCCAT
EMX1_3b_+80,GTGGTTGCCCACCCTAGTCAT
EMX1_3b_-116,GGGGCACAGATGAGAAACTC
EMX1_3b_-57,GCCGTTTGTACTTTGTCCTC
EMX1_4e_+53,GACATCGATGTCCTCCCCAT
EMX1_ED6a-f_+57,GATGTACAGAGAGCCCAGGGC
FANCF_3b_+21,GCTTGAGACCGCCAGAAGCT
FANCF_3b_+48,GGGGTCCCAGGTGCTGACGT
FANCF_3b_-17,GCTGCAGAAGGGATTCCATG
FANCF_3b_-27,GGATTCCATGAGGTGCGCGA
FANCF_3b_-50,GCCCTACTTCCGCTTTCACCT
FANCF_3b_-78,GCGACTCTCTGCGTACTGAT
FANCF_3c_+48,GGGGTCCCAGGTGCTGACGT
FANCF_3c_5GtoT_+7,GAAGCTCGGAAAAGCGATCA
FANCF_3c_7AtoC_+7,GAAGCTCGGAAAAGCGAGCC
FANCF_4d_+48,GGGGTCCCAGGTGCTGACGT
FANCF_ED6a-f_+48,GGGGTCCCAGGTGCTGACGT
HBB_5ae,GCCTTGATACCAACCTGCCCA
HBB_ED9a_+72,GCCTTGATACCAACCTGCCCA
HBB_ED9a_+95,GGGCTGGGCATAAAAGTCA
HEK3_3b_+26,GACGCCCTCTGGAGGAAGCA
HEK3_3b_+37,GCTGTCCTGCGACGCCCTC
HEK3_3b_+63,GCACATACTAGCCCCTGTCT
HEK3_3b_+90,GTCAACCAGTATCCCGGTGC
HEK3_3b_-108,GCAGAAATAGACTAATTGCA
HEK3_3b_-38,GGATTGACCCAGGCCAGGGC
HEK3_4a_+90,GTCAACCAGTATCCCGGTGC
HEK3_4b_+90,GTCAACCAGTATCCCGGTGC
HEK3_5eg,GTCAACCAGTATCCCGGTGC
HEK3_ED6a-f_+90,GTCAACCAGTATCCCGGTGC
HEK3_ED6g-h_+90,GTCAACCAGTATCCCGGTGC
HEK4_3b_+52,GCGGGGGCTCAGAGAGGGCA
HEK4_3b_+74,GAGACACACACACAGGCCTGG
HEK4_3b_-26,GCAGTGCCACCGGGGCGCCG
HEK4_3b_-52,GCCCTGCCTGTCATCCTGCTT
HEK4_3b_-95,GTCCCTTCCTTCCACCCAGCC
HEXA_5b_correct,GTACCTGAACCGTATATCCTA
HEXA_5b_correct_w_silent,GTACCTGAACCGTATATCTTA
HEXA_5b_install,GCTTTCACCTTCAAATGCCA
HEXA_ED9b_+60,GCTGGAACTGGTCACCAAGGC
HEXA_ED9b_correct_silent_PE3b,GTACCTGAACCGTATATCTTA
HEXA_ED9b_correct_wt_PE3b,GTACCTGAACCGTATATCCTA
PRNP_5ce,GCATGTTTTCACGATAGTAA
RNF2_3b_+41,GTCAACCATTAAGCAAAACAT
RNF2_3b_+67,GTCTCAGGCTGTGCAGACAAA
RNF2_3c_+41,GTCAACCATTAAGCAAAACAT
RNF2_3c_4AtoC_+5,GTGAGTTACAACGAACACCGC
RNF2_3c_4AtoG_+5,GTGAGTTACAACGAACACCCC
RNF2_4c_+41,GTCAACCATTAAGCAAAACAT
RNF2_5e,GTCAACCATTAAGCAAAACAT
RUNX1_4f_+38,GATGAAGCACTGTGGGTACGA
VEGFA_4g_+57,GATGTACAGAGAGCCCAGGGC
