name,effector,protospacer,scaffold,extension
# Note: these are copy-pasted in from 41587_2021_1133_MOESM1_ESM.pdf and then reformatted.
# Figure 1C
HEK3_attB_A_38,SpCas9H840A,ggcccagactgagcacgtga,gttttagagctagaaatagcaagttaaaataaggctagtccgttatcaacttgaaaaagtggcaccgagtcggtgc,atgatcctgacgacggagaccgccgtcgtcgacaagcccgtgctcagtctg
HEK3_attB_A_34,SpCas9H840A,ggcccagactgagcacgtga,gttttagagctagaaatagcaagttaaaataaggctagtccgttatcaacttgaaaaagtggcaccgagtcggtgc,tcctgacgacggagaccgccgtcgtcgacaagcccgtgctcagtctg
HEK3_attB_A_30,SpCas9H840A,ggcccagactgagcacgtga,gttttagagctagaaatagcaagttaaaataaggctagtccgttatcaacttgaaaaagtggcaccgagtcggtgc,gacgacggagaccgccgtcgtcgacaagcccgtgctcagtctg
HEK3_attB_B_38,SpCas9H840A,gtcaaccagtatcccggtgc,gttttagagctagaaatagcaagttaaaataaggctagtccgttatcaacttgaaaaagtggcaccgagtcggtgc,ggcttgtcgacgacggcggtctccgtcgtcaggatcatccgggatactgg
HEK3_attB_B_34,SpCas9H840A,gtcaaccagtatcccggtgc,gttttagagctagaaatagcaagttaaaataaggctagtccgttatcaacttgaaaaagtggcaccgagtcggtgc,tgtcgacgacggcggtctccgtcgtcaggatcatccgggatactgg
HEK3_attB_B_30,SpCas9H840A,gtcaaccagtatcccggtgc,gttttagagctagaaatagcaagttaaaataaggctagtccgttatcaacttgaaaaagtggcaccgagtcggtgc,gacgacggcggtctccgtcgtcaggatcatccgggatactgg
HEK3_attP_A_43,SpCas9H840A,ggcccagactgagcacgtga,gttttagagctagaaatagcaagttaaaataaggctagtccgttatcaacttgaaaaagtggcaccgagtcggtgc,taccgtacaccactgagaccgcggtggttgaccagacaaacctcgtgctcagtctg
HEK3_attP_A_39,SpCas9H840A,ggcccagactgagcacgtga,gttttagagctagaaatagcaagttaaaataaggctagtccgttatcaacttgaaaaagtggcaccgagtcggtgc,gtacaccactgagaccgcggtggttgaccagacaaacctcgtgctcagtctg
HEK3_attP_A_35,SpCas9H840A,ggcccagactgagcacgtga,gttttagagctagaaatagcaagttaaaataaggctagtccgttatcaacttgaaaaagtggcaccgagtcggtgc,accactgagaccgcggtggttgaccagacaaacctcgtgctcagtctg
HEK3_attP_B_44,SpCas9H840A,gtcaaccagtatcccggtgc,gttttagagctagaaatagcaagttaaaataaggctagtccgttatcaacttgaaaaagtggcaccgagtcggtgc,gtctggtcaaccaccgcggtctcagtggtgtacggtacaaacctccgggatactgg
HEK3_attP_B_40,SpCas9H840A,gtcaaccagtatcccggtgc,gttttagagctagaaatagcaagttaaaataaggctagtccgttatcaacttgaaaaagtggcaccgagtcggtgc,ggtcaaccaccgcggtctcagtggtgtacggtacaaacctccgggatactgg
HEK3_attP_B_36,SpCas9H840A,gtcaaccagtatcccggtgc,gttttagagctagaaatagcaagttaaaataaggctagtccgttatcaacttgaaaaagtggcaccgagtcggtgc,aaccaccgcggtctcagtggtgtacggtacaaacctccgggatactgg
# Figure 2C
PAH_E4.2_45,SpCas9H840A,gcccaagaaccattcaagagc,gttttagagctagaaatagcaagttaaaataaggctagtccgttatcaacttgaaaaagtggcaccgagtcggtgc,gttcggctccgtaggacaagatttgattagcgaacctatcaagttcttgaatggttc
PAH_E4.4_43,SpCas9H840A,gctacgggccatggactcaca,gttttagagctagaaatagcaagttaaaataaggctagtccgttatcaacttgaaaaagtggcaccgagtcggtgc,aaatcttgtcctacggagccgaacttgacgctgatcatcctgtgagtccatggcc
PAH_E4.2_45_EvoPreQ1,SpCas9H840A,gcccaagaaccattcaagagc,gttttagagctagaaatagcaagttaaaataaggctagtccgttatcaacttgaaaaagtggcaccgagtcggtgc,gttcggctccgtaggacaagatttgattagcgaacctatcaagttcttgaatggttctctctctcttgacgcggttctatctagttacgcgttaaaccaactagaaa
PAH_E4.4_43_EvoPreQ1,SpCas9H840A,gctacgggccatggactcaca,gttttagagctagaaatagcaagttaaaataaggctagtccgttatcaacttgaaaaagtggcaccgagtcggtgc,aaatcttgtcctacggagccgaacttgacgctgatcatcctgtgagtccatggcctctctctcttgacgcggttctatctagttacgcgttaaaccaactagaaa
PAH_E4.2_50,SpCas9H840A,gcccaagaaccattcaagagc,gttttagagctagaaatagcaagttaaaataaggctagtccgttatcaacttgaaaaagtggcaccgagtcggtgc,gtcaagttcggctccgtaggacaagatttgattagcgaacctatcaagttcttgaatggttc
PAH_E4.4_50,SpCas9H840A,gctacgggccatggactcaca,gttttagagctagaaatagcaagttaaaataaggctagtccgttatcaacttgaaaaagtggcaccgagtcggtgc,gctaatcaaatcttgtcctacggagccgaacttgacgctgatcatcctgtgagtccatggcc
PAH_E4.2_50_EvoPreQ1,SpCas9H840A,gcccaagaaccattcaagagc,gttttagagctagaaatagcaagttaaaataaggctagtccgttatcaacttgaaaaagtggcaccgagtcggtgc,gtcaagttcggctccgtaggacaagatttgattagcgaacctatcaagttcttgaatggttctctctctcttgacgcggttctatctagttacgcgttaaaccaactagaaa
PAH_E4.4_50_EvoPreQ1,SpCas9H840A,gctacgggccatggactcaca,gttttagagctagaaatagcaagttaaaataaggctagtccgttatcaacttgaaaaagtggcaccgagtcggtgc,gctaatcaaatcttgtcctacggagccgaacttgacgctgatcatcctgtgagtccatggcctctctctcttgacgcggttctatctagttacgcgttaaaccaactagaaa
PAH_E4.2_62,SpCas9H840A,gcccaagaaccattcaagagc,gttttagagctagaaatagcaagttaaaataaggctagtccgttatcaacttgaaaaagtggcaccgagtcggtgc,aggatgatcagcgtcaagttcggctccgtaggacaagatttgattagcgaacctatcaagttcttgaatggttc
PAH_E4.4_61,SpCas9H840A,gctacgggccatggactcaca,gttttagagctagaaatagcaagttaaaataaggctagtccgttatcaacttgaaaaagtggcaccgagtcggtgc,ttgataggttcgctaatcaaatcttgtcctacggagccgaacttgacgctgatcatcctgtgagtccatggcc
PAH_E4.2_62_EvoPreQ1,SpCas9H840A,gcccaagaaccattcaagagc,gttttagagctagaaatagcaagttaaaataaggctagtccgttatcaacttgaaaaagtggcaccgagtcggtgc,aggatgatcagcgtcaagttcggctccgtaggacaagatttgattagcgaacctatcaagttcttgaatggttctctctctcttgacgcggttctatctagttacgcgttaaaccaactagaaa
PAH_E4.4_61_EvoPreQ1,SpCas9H840A,gctacgggccatggactcaca,gttttagagctagaaatagcaagttaaaataaggctagtccgttatcaacttgaaaaagtggcaccgagtcggtgc,ttgataggttcgctaatcaaatcttgtcctacggagccgaacttgacgctgatcatcctgtgagtccatggcctctctctcttgacgcggttctatctagttacgcgttaaaccaactagaaa
PAH_E7.2_34,SpCas9H840A,gtggtttccgcctccgacctg,gttttagagctagaaatagcaagttaaaataaggctagtccgttatcaacttgaaaaagtggcaccgagtcggtgc,agaaagtctctactgctcaagagcccggcaacgggtcggaggcg
PAH_E7.5_34,SpCas9H840A,gagtggaagactcggaaggcc,gttttagagctagaaatagcaagttaaaataaggctagtccgttatcaacttgaaaaagtggcaccgagtcggtgc,tcttgagcagtagagactttctggggggtctcgccttccgagtcttc
PAH_E7.2_34_EvoPreQ1,SpCas9H840A,gtggtttccgcctccgacctg,gttttagagctagaaatagcaagttaaaataaggctagtccgttatcaacttgaaaaagtggcaccgagtcggtgc,agaaagtctctactgctcaagagcccggcaacgggtcggaggcgtctctctcttgacgcggttctatctagttacgcgttaaaccaactagaaa
PAH_E7.5_34_EvoPreQ1,SpCas9H840A,gagtggaagactcggaaggcc,gttttagagctagaaatagcaagttaaaataaggctagtccgttatcaacttgaaaaagtggcaccgagtcggtgc,tcttgagcagtagagactttctggggggtctcgccttccgagtcttctctctctcttgacgcggttctatctagttacgcgttaaaccaactagaaa
PAH_E7.2_44,SpCas9H840A,gtggtttccgcctccgacctg,gttttagagctagaaatagcaagttaaaataaggctagtccgttatcaacttgaaaaagtggcaccgagtcggtgc,gagaccccccagaaagtctctactgctcaagagcccggcaacgggtcggaggcg
PAH_E7.5_44,SpCas9H840A,gagtggaagactcggaaggcc,gttttagagctagaaatagcaagttaaaataaggctagtccgttatcaacttgaaaaagtggcaccgagtcggtgc,gttgccgggctcttgagcagtagagactttctggggggtctcgccttccgagtcttc
PAH_E7.2_44_EvoPreQ1,SpCas9H840A,gtggtttccgcctccgacctg,gttttagagctagaaatagcaagttaaaataaggctagtccgttatcaacttgaaaaagtggcaccgagtcggtgc,gagaccccccagaaagtctctactgctcaagagcccggcaacgggtcggaggcgtctctctcttgacgcggttctatctagttacgcgttaaaccaactagaaa
PAH_E7.5_44_EvoPreQ1,SpCas9H840A,gagtggaagactcggaaggcc,gttttagagctagaaatagcaagttaaaataaggctagtccgttatcaacttgaaaaagtggcaccgagtcggtgc,gttgccgggctcttgagcagtagagactttctggggggtctcgccttccgagtcttctctctctcttgacgcggttctatctagttacgcgttaaaccaactagaaa
PAH_E7.6_44,SpCas9H840A,gtctgatgtactgtgtgcag,gttttagagctagaaatagcaagttaaaataaggctagtccgttatcaacttgaaaaagtggcaccgagtcggtgc,agtagagactttctggggggtctcgcattccgcgtgtttcattgcacacagtaca
PAH_E7.6_44_EvoPreQ1,SpCas9H840A,gtctgatgtactgtgtgcag,gttttagagctagaaatagcaagttaaaataaggctagtccgttatcaacttgaaaaagtggcaccgagtcggtgc,agtagagactttctggggggtctcgcattccgcgtgtttcattgcacacagtacatctctctcttgacgcggttctatctagttacgcgttaaaccaactagaaa
PAH_E7.2_55,SpCas9H840A,gtggtttccgcctccgacctg,gttttagagctagaaatagcaagttaaaataaggctagtccgttatcaacttgaaaaagtggcaccgagtcggtgc,acgcggaatgcgagaccccccagaaagtctctactgctcaagagcccggcaacgggtcggaggcg
PAH_E7.6_56,SpCas9H840A,gtctgatgtactgtgtgcag,gttttagagctagaaatagcaagttaaaataaggctagtccgttatcaacttgaaaaagtggcaccgagtcggtgc,gggctcttgagcagtagagactttctggggggtctcgcattccgcgtgtttcattgcacacagtaca
PAH_E7.2_55_EvoPreQ1,SpCas9H840A,gtggtttccgcctccgacctg,gttttagagctagaaatagcaagttaaaataaggctagtccgttatcaacttgaaaaagtggcaccgagtcggtgc,acgcggaatgcgagaccccccagaaagtctctactgctcaagagcccggcaacgggtcggaggcgtctctctcttgacgcggttctatctagttacgcgttaaaccaactagaaa
PAH_E7.6_56_EvoPreQ1,SpCas9H840A,gtctgatgtactgtgtgcag,gttttagagctagaaatagcaagttaaaataaggctagtccgttatcaacttgaaaaagtggcaccgagtcggtgc,gggctcttgagcagtagagactttctggggggtctcgcattccgcgtgtttcattgcacacagtacatctctctcttgacgcggttctatctagttacgcgttaaaccaactagaaa
# Figure 2E
HEK3_DF_A_SA_del77nt,SpCas9H840A,ggcccagactgagcacgtga,gttttagagctagaaatagcaagttaaaataaggctagtccgttatcaacttgaaaaagtggcaccgagtcggtgc,tcctctgccatcacgtgctcagtctg
HEK3_DF_B_SA_del77nt,SpCas9H840A,gtcaaccagtatcccggtgc,gttttagagctagaaatagcaagttaaaataaggctagtccgttatcaacttgaaaaagtggcaccgagtcggtgc,tgatggcagaggaccgggatactgg
HEK3_DF_A_SA_del56nt,SpCas9H840A,ggcccagactgagcacgtga,gttttagagctagaaatagcaagttaaaataaggctagtccgttatcaacttgaaaaagtggcaccgagtcggtgc,tggaggaagcagggcttcctttcctctgccatcacgtgctcagtctg
HEK3_DF_B_SA_del56nt,SpCas9H840A,gtcaaccagtatcccggtgc,gttttagagctagaaatagcaagttaaaataaggctagtccgttatcaacttgaaaaagtggcaccgagtcggtgc,tgatggcagaggaaaggaagccctgcttcctccaccgggatactgg
HEK3_DF_A_HA_del64nt,SpCas9H840A,ggcccagactgagcacgtga,gttttagagctagaaatagcaagttaaaataaggctagtccgttatcaacttgaaaaagtggcaccgagtcggtgc,tgcaggagctgcatcctctgccatcacgtgctcagtctg
HEK3_DF_B_HA_del64nt,SpCas9H840A,gtcaaccagtatcccggtgc,gttttagagctagaaatagcaagttaaaataaggctagtccgttatcaacttgaaaaagtggcaccgagtcggtgc,tgatggcagaggatgcagctcctgcaccgggatactgg
HEK3_DF_A_PD_del90nt,SpCas9H840A,ggcccagactgagcacgtga,gttttagagctagaaatagcaagttaaaataaggctagtccgttatcaacttgaaaaagtggcaccgagtcggtgc,gcccagccaaacttgtcaaccagtatcccggcgtgctcagtctg
HEK3_DF_B_PD_del90nt,SpCas9H840A,gtcaaccagtatcccggtgc,gttttagagctagaaatagcaagttaaaataaggctagtccgttatcaacttgaaaaagtggcaccgagtcggtgc,gggtcaatccttggggcccagactgagcacgccgggatactgg
HEK3_DF_A_SA_del77nt_EvoPreQ1,SpCas9H840A,ggcccagactgagcacgtga,gttttagagctagaaatagcaagttaaaataaggctagtccgttatcaacttgaaaaagtggcaccgagtcggtgc,tcctctgccatcacgtgctcagtctgttaaataacgcggttctatctagttacgcgttaaaccaactagaa
HEK3_DF_B_SA_del77nt_EvoPreQ1,SpCas9H840A,gtcaaccagtatcccggtgc,gttttagagctagaaatagcaagttaaaataaggctagtccgttatcaacttgaaaaagtggcaccgagtcggtgc,tgatggcagaggaccgggatactggaaaatatacgcggttctatctagttacgcgttaaaccaactagaa
HEK3_DF_A_SA_del56nt_EvoPreQ1,SpCas9H840A,ggcccagactgagcacgtga,gttttagagctagaaatagcaagttaaaataaggctagtccgttatcaacttgaaaaagtggcaccgagtcggtgc,tggaggaagcagggcttcctttcctctgccatcacgtgctcagtctgttaataatcgcggttctatctagttacgcgttaaaccaactagaa
HEK3_DF_B_SA_del56nt_EvoPreQ1,SpCas9H840A,gtcaaccagtatcccggtgc,gttttagagctagaaatagcaagttaaaataaggctagtccgttatcaacttgaaaaagtggcaccgagtcggtgc,tgatggcagaggaaaggaagccctgcttcctccaccgggatactggaaaaaaaacgcggttctatctagttacgcgttaaaccaactagaa
HEK3_DF_A_HA_del64nt_EvoPreQ1,SpCas9H840A,ggcccagactgagcacgtga,gttttagagctagaaatagcaagttaaaataaggctagtccgttatcaacttgaaaaagtggcaccgagtcggtgc,tgcaggagctgcatcctctgccatcacgtgctcagtctgataaataacgcggttctatctagttacgcgttaaaccaactagaa
HEK3_DF_B_HA_del64nt_EvoPreQ1,SpCas9H840A,gtcaaccagtatcccggtgc,gttttagagctagaaatagcaagttaaaataaggctagtccgttatcaacttgaaaaagtggcaccgagtcggtgc,tgatggcagaggatgcagctcctgcaccgggatactggaaaaaaggcgcggttctatctagttacgcgttaaaccaactagaa
HEK3_DF_A_PD_del90nt_EvoPreQ1,SpCas9H840A,ggcccagactgagcacgtga,gttttagagctagaaatagcaagttaaaataaggctagtccgttatcaacttgaaaaagtggcaccgagtcggtgc,gcccagccaaacttgtcaaccagtatcccggcgtgctcagtctgttaaataccgcggttctatctagttacgcgttaaaccaactagaa
HEK3_DF_B_PD_del90nt_EvoPreQ1,SpCas9H840A,gtcaaccagtatcccggtgc,gttttagagctagaaatagcaagttaaaataaggctagtccgttatcaacttgaaaaagtggcaccgagtcggtgc,gggtcaatccttggggcccagactgagcacgccgggatactggaaaataatcgcggttctatctagttacgcgttaaaccaactagaa
# Figure ED 4
# These appear to be a super-set of Figure 3C in PDF, and some data in Figure 3C depends on pegRNAs present here but not in the Figure 3C section.
AAVS1_A1077a,SpCas9H840A,gcagagccaggaacccctgt,gttttagagctagaaatagcaagttaaaataaggctagtccgttatcaacttgaaaaagtggcaccgagtcggtgc,taccgtacaccactgagaccgcggtggttgaccagacaaacctggggttcct
AAVS1_A1077b,SpCas9H840A,gcagagccaggaacccctgt,gttttagagctagaaatagcaagttaaaataaggctagtccgttatcaacttgaaaaagtggcaccgagtcggtgc,taccgtacaccactgagaccgcggtggttgaccagacaaacctggggttcctgg
AAVS1_A1077c,SpCas9H840A,gcagagccaggaacccctgt,gttttagagctagaaatagcaagttaaaataaggctagtccgttatcaacttgaaaaagtggcaccgagtcggtgc,taccgtacaccactgagaccgcggtggttgaccagacaaacctggggttcctggct
AAVS1_A1098a,SpCas9H840A,gggaaggggcaggagagcca,gttttagagctagaaatagcaagttaaaataaggctagtccgttatcaacttgaaaaagtggcaccgagtcggtgc,taccgtacaccactgagaccgcggtggttgaccagacaaacctctctcctgc
AAVS1_A1098b,SpCas9H840A,gggaaggggcaggagagcca,gttttagagctagaaatagcaagttaaaataaggctagtccgttatcaacttgaaaaagtggcaccgagtcggtgc,taccgtacaccactgagaccgcggtggttgaccagacaaacctctctcctgccc
AAVS1_A1098c,SpCas9H840A,gggaaggggcaggagagcca,gttttagagctagaaatagcaagttaaaataaggctagtccgttatcaacttgaaaaagtggcaccgagtcggtgc,taccgtacaccactgagaccgcggtggttgaccagacaaacctctctcctgcccct
AAVS1_A1246a,SpCas9H840A,gaatatgtcccagatagcac,gttttagagctagaaatagcaagttaaaataaggctagtccgttatcaacttgaaaaagtggcaccgagtcggtgc,taccgtacaccactgagaccgcggtggttgaccagacaaacctctatctggg
AAVS1_A1246b,SpCas9H840A,gaatatgtcccagatagcac,gttttagagctagaaatagcaagttaaaataaggctagtccgttatcaacttgaaaaagtggcaccgagtcggtgc,taccgtacaccactgagaccgcggtggttgaccagacaaacctctatctgggac
AAVS1_A1246c,SpCas9H840A,gaatatgtcccagatagcac,gttttagagctagaaatagcaagttaaaataaggctagtccgttatcaacttgaaaaagtggcaccgagtcggtgc,taccgtacaccactgagaccgcggtggttgaccagacaaacctctatctgggacat
AAVS1_A1267a,SpCas9H840A,ggggactctttaaggaaaga,gttttagagctagaaatagcaagttaaaataaggctagtccgttatcaacttgaaaaagtggcaccgagtcggtgc,taccgtacaccactgagaccgcggtggttgaccagacaaacctttccttaaa
AAVS1_A1267b,SpCas9H840A,ggggactctttaaggaaaga,gttttagagctagaaatagcaagttaaaataaggctagtccgttatcaacttgaaaaagtggcaccgagtcggtgc,taccgtacaccactgagaccgcggtggttgaccagacaaacctttccttaaaga
AAVS1_A1267c,SpCas9H840A,ggggactctttaaggaaaga,gttttagagctagaaatagcaagttaaaataaggctagtccgttatcaacttgaaaaagtggcaccgagtcggtgc,taccgtacaccactgagaccgcggtggttgaccagacaaacctttccttaaagagt
AAVS1_A1293a,SpCas9H840A,gagaaagagaaagggagtag,gttttagagctagaaatagcaagttaaaataaggctagtccgttatcaacttgaaaaagtggcaccgagtcggtgc,taccgtacaccactgagaccgcggtggttgaccagacaaacctctccctttc
AAVS1_A1293b,SpCas9H840A,gagaaagagaaagggagtag,gttttagagctagaaatagcaagttaaaataaggctagtccgttatcaacttgaaaaagtggcaccgagtcggtgc,taccgtacaccactgagaccgcggtggttgaccagacaaacctctccctttctc
AAVS1_A1293c,SpCas9H840A,gagaaagagaaagggagtag,gttttagagctagaaatagcaagttaaaataaggctagtccgttatcaacttgaaaaagtggcaccgagtcggtgc,taccgtacaccactgagaccgcggtggttgaccagacaaacctctccctttctctt
AAVS1_A1307a,SpCas9H840A,gagtagaggcggccacgacc,gttttagagctagaaatagcaagttaaaataaggctagtccgttatcaacttgaaaaagtggcaccgagtcggtgc,taccgtacaccactgagaccgcggtggttgaccagacaaacctcgtggccgc
AAVS1_A1307b,SpCas9H840A,gagtagaggcggccacgacc,gttttagagctagaaatagcaagttaaaataaggctagtccgttatcaacttgaaaaagtggcaccgagtcggtgc,taccgtacaccactgagaccgcggtggttgaccagacaaacctcgtggccgcct
AAVS1_A1307c,SpCas9H840A,gagtagaggcggccacgacc,gttttagagctagaaatagcaagttaaaataaggctagtccgttatcaacttgaaaaagtggcaccgagtcggtgc,taccgtacaccactgagaccgcggtggttgaccagacaaacctcgtggccgcctct
AAVS1_A1582a,SpCas9H840A,gatcagtgaaacgcaccaga,gttttagagctagaaatagcaagttaaaataaggctagtccgttatcaacttgaaaaagtggcaccgagtcggtgc,taccgtacaccactgagaccgcggtggttgaccagacaaacctggtgcgttt
AAVS1_A1582b,SpCas9H840A,gatcagtgaaacgcaccaga,gttttagagctagaaatagcaagttaaaataaggctagtccgttatcaacttgaaaaagtggcaccgagtcggtgc,taccgtacaccactgagaccgcggtggttgaccagacaaacctggtgcgtttca
AAVS1_A1582c,SpCas9H840A,gatcagtgaaacgcaccaga,gttttagagctagaaatagcaagttaaaataaggctagtccgttatcaacttgaaaaagtggcaccgagtcggtgc,taccgtacaccactgagaccgcggtggttgaccagacaaacctggtgcgtttcact
AAVS1_A1615a,SpCas9H840A,gcagctcaggttctgggaga,gttttagagctagaaatagcaagttaaaataaggctagtccgttatcaacttgaaaaagtggcaccgagtcggtgc,taccgtacaccactgagaccgcggtggttgaccagacaaacctcccagaacc
AAVS1_A1615b,SpCas9H840A,gcagctcaggttctgggaga,gttttagagctagaaatagcaagttaaaataaggctagtccgttatcaacttgaaaaagtggcaccgagtcggtgc,taccgtacaccactgagaccgcggtggttgaccagacaaacctcccagaacctg
AAVS1_A1615c,SpCas9H840A,gcagctcaggttctgggaga,gttttagagctagaaatagcaagttaaaataaggctagtccgttatcaacttgaaaaagtggcaccgagtcggtgc,taccgtacaccactgagaccgcggtggttgaccagacaaacctcccagaacctgag
AAVS1_A1647a,SpCas9H840A,gtggccactgagaaccgggc,gttttagagctagaaatagcaagttaaaataaggctagtccgttatcaacttgaaaaagtggcaccgagtcggtgc,taccgtacaccactgagaccgcggtggttgaccagacaaacctcggttctca
AAVS1_A1647b,SpCas9H840A,gtggccactgagaaccgggc,gttttagagctagaaatagcaagttaaaataaggctagtccgttatcaacttgaaaaagtggcaccgagtcggtgc,taccgtacaccactgagaccgcggtggttgaccagacaaacctcggttctcagt
AAVS1_A1647c,SpCas9H840A,gtggccactgagaaccgggc,gttttagagctagaaatagcaagttaaaataaggctagtccgttatcaacttgaaaaagtggcaccgagtcggtgc,taccgtacaccactgagaccgcggtggttgaccagacaaacctcggttctcagtgg
AAVS1_A1810a,SpCas9H840A,gaatctgcctaacaggaggt,gttttagagctagaaatagcaagttaaaataaggctagtccgttatcaacttgaaaaagtggcaccgagtcggtgc,taccgtacaccactgagaccgcggtggttgaccagacaaaccttcctgttag
AAVS1_A1810b,SpCas9H840A,gaatctgcctaacaggaggt,gttttagagctagaaatagcaagttaaaataaggctagtccgttatcaacttgaaaaagtggcaccgagtcggtgc,taccgtacaccactgagaccgcggtggttgaccagacaaaccttcctgttaggc
AAVS1_A1810c,SpCas9H840A,gaatctgcctaacaggaggt,gttttagagctagaaatagcaagttaaaataaggctagtccgttatcaacttgaaaaagtggcaccgagtcggtgc,taccgtacaccactgagaccgcggtggttgaccagacaaaccttcctgttaggcag
AAVS1_A1890a,SpCas9H840A,gtcaccaatcctgtccctag,gttttagagctagaaatagcaagttaaaataaggctagtccgttatcaacttgaaaaagtggcaccgagtcggtgc,taccgtacaccactgagaccgcggtggttgaccagacaaacctgggacagga
AAVS1_A1890b,SpCas9H840A,gtcaccaatcctgtccctag,gttttagagctagaaatagcaagttaaaataaggctagtccgttatcaacttgaaaaagtggcaccgagtcggtgc,taccgtacaccactgagaccgcggtggttgaccagacaaacctgggacaggatt
AAVS1_A1890c,SpCas9H840A,gtcaccaatcctgtccctag,gttttagagctagaaatagcaagttaaaataaggctagtccgttatcaacttgaaaaagtggcaccgagtcggtgc,taccgtacaccactgagaccgcggtggttgaccagacaaacctgggacaggattgg
AAVS1_A3786a,SpCas9H840A,gctggccccccaccgcccca,gttttagagctagaaatagcaagttaaaataaggctagtccgttatcaacttgaaaaagtggcaccgagtcggtgc,taccgtacaccactgagaccgcggtggttgaccagacaaacctggcggtggg
AAVS1_A3786b,SpCas9H840A,gctggccccccaccgcccca,gttttagagctagaaatagcaagttaaaataaggctagtccgttatcaacttgaaaaagtggcaccgagtcggtgc,taccgtacaccactgagaccgcggtggttgaccagacaaacctggcggtggggg
AAVS1_A3786c,SpCas9H840A,gctggccccccaccgcccca,gttttagagctagaaatagcaagttaaaataaggctagtccgttatcaacttgaaaaagtggcaccgagtcggtgc,taccgtacaccactgagaccgcggtggttgaccagacaaacctggcggtggggggc
AAVS1_A3835a,SpCas9H840A,gacgtcacggcgctgcccca,gttttagagctagaaatagcaagttaaaataaggctagtccgttatcaacttgaaaaagtggcaccgagtcggtgc,taccgtacaccactgagaccgcggtggttgaccagacaaacctggcagcgcc
AAVS1_A3835b,SpCas9H840A,gacgtcacggcgctgcccca,gttttagagctagaaatagcaagttaaaataaggctagtccgttatcaacttgaaaaagtggcaccgagtcggtgc,taccgtacaccactgagaccgcggtggttgaccagacaaacctggcagcgccgt
AAVS1_A3835c,SpCas9H840A,gacgtcacggcgctgcccca,gttttagagctagaaatagcaagttaaaataaggctagtccgttatcaacttgaaaaagtggcaccgagtcggtgc,taccgtacaccactgagaccgcggtggttgaccagacaaacctggcagcgccgtga
AAVS1_A3856a,SpCas9H840A,ggtgtgctgggcaggtcgcg,gttttagagctagaaatagcaagttaaaataaggctagtccgttatcaacttgaaaaagtggcaccgagtcggtgc,taccgtacaccactgagaccgcggtggttgaccagacaaacctgacctgccc
AAVS1_A3856b,SpCas9H840A,ggtgtgctgggcaggtcgcg,gttttagagctagaaatagcaagttaaaataaggctagtccgttatcaacttgaaaaagtggcaccgagtcggtgc,taccgtacaccactgagaccgcggtggttgaccagacaaacctgacctgcccag
AAVS1_A3856c,SpCas9H840A,ggtgtgctgggcaggtcgcg,gttttagagctagaaatagcaagttaaaataaggctagtccgttatcaacttgaaaaagtggcaccgagtcggtgc,taccgtacaccactgagaccgcggtggttgaccagacaaacctgacctgcccagca
AAVS1_B1154a,SpCas9H840A,gtccttggcaagcccaggag,gttttagagctagaaatagcaagttaaaataaggctagtccgttatcaacttgaaaaagtggcaccgagtcggtgc,gtctggtcaaccaccgcggtctcagtggtgtacggtacaaacctctgggcttg
AAVS1_B1154b,SpCas9H840A,gtccttggcaagcccaggag,gttttagagctagaaatagcaagttaaaataaggctagtccgttatcaacttgaaaaagtggcaccgagtcggtgc,gtctggtcaaccaccgcggtctcagtggtgtacggtacaaacctctgggcttgcc
AAVS1_B1154c,SpCas9H840A,gtccttggcaagcccaggag,gttttagagctagaaatagcaagttaaaataaggctagtccgttatcaacttgaaaaagtggcaccgagtcggtgc,tctggtcaaccaccgcggtctcagtggtgtacggtacaaacctctgggcttgccaa
AAVS1_B1314a,SpCas9H840A,gtgcgtcctaggtgttcacc,gttttagagctagaaatagcaagttaaaataaggctagtccgttatcaacttgaaaaagtggcaccgagtcggtgc,gtctggtcaaccaccgcggtctcagtggtgtacggtacaaacctgaacaccta
AAVS1_B1314b,SpCas9H840A,gtgcgtcctaggtgttcacc,gttttagagctagaaatagcaagttaaaataaggctagtccgttatcaacttgaaaaagtggcaccgagtcggtgc,gtctggtcaaccaccgcggtctcagtggtgtacggtacaaacctgaacacctagg
AAVS1_B1314c,SpCas9H840A,gtgcgtcctaggtgttcacc,gttttagagctagaaatagcaagttaaaataaggctagtccgttatcaacttgaaaaagtggcaccgagtcggtgc,tctggtcaaccaccgcggtctcagtggtgtacggtacaaacctgaacacctaggac
AAVS1_B1376a,SpCas9H840A,gtcctggcagggctgtggtg,gttttagagctagaaatagcaagttaaaataaggctagtccgttatcaacttgaaaaagtggcaccgagtcggtgc,gtctggtcaaccaccgcggtctcagtggtgtacggtacaaacctcacagccct
AAVS1_B1376b,SpCas9H840A,gtcctggcagggctgtggtg,gttttagagctagaaatagcaagttaaaataaggctagtccgttatcaacttgaaaaagtggcaccgagtcggtgc,gtctggtcaaccaccgcggtctcagtggtgtacggtacaaacctcacagccctgc
AAVS1_B1376c,SpCas9H840A,gtcctggcagggctgtggtg,gttttagagctagaaatagcaagttaaaataaggctagtccgttatcaacttgaaaaagtggcaccgagtcggtgc,tctggtcaaccaccgcggtctcagtggtgtacggtacaaacctcacagccctgcca
AAVS1_B1640a,SpCas9H840A,gtgacctgcccggttctcag,gttttagagctagaaatagcaagttaaaataaggctagtccgttatcaacttgaaaaagtggcaccgagtcggtgc,gtctggtcaaccaccgcggtctcagtggtgtacggtacaaacctagaaccggg
AAVS1_B1640b,SpCas9H840A,gtgacctgcccggttctcag,gttttagagctagaaatagcaagttaaaataaggctagtccgttatcaacttgaaaaagtggcaccgagtcggtgc,gtctggtcaaccaccgcggtctcagtggtgtacggtacaaacctagaaccgggca
AAVS1_B1640c,SpCas9H840A,gtgacctgcccggttctcag,gttttagagctagaaatagcaagttaaaataaggctagtccgttatcaacttgaaaaagtggcaccgagtcggtgc,tctggtcaaccaccgcggtctcagtggtgtacggtacaaacctagaaccgggcagg
AAVS1_B1676a,SpCas9H840A,gagcttggcagggggtggga,gttttagagctagaaatagcaagttaaaataaggctagtccgttatcaacttgaaaaagtggcaccgagtcggtgc,gtctggtcaaccaccgcggtctcagtggtgtacggtacaaacctcaccccctg
AAVS1_B1676b,SpCas9H840A,gagcttggcagggggtggga,gttttagagctagaaatagcaagttaaaataaggctagtccgttatcaacttgaaaaagtggcaccgagtcggtgc,gtctggtcaaccaccgcggtctcagtggtgtacggtacaaacctcaccccctgcc
AAVS1_B1676c,SpCas9H840A,gagcttggcagggggtggga,gttttagagctagaaatagcaagttaaaataaggctagtccgttatcaacttgaaaaagtggcaccgagtcggtgc,tctggtcaaccaccgcggtctcagtggtgtacggtacaaacctcaccccctgccaa
AAVS1_B1701a,SpCas9H840A,gagccagagaggatcctggg,gttttagagctagaaatagcaagttaaaataaggctagtccgttatcaacttgaaaaagtggcaccgagtcggtgc,gtctggtcaaccaccgcggtctcagtggtgtacggtacaaacctaggatcctc
AAVS1_B1701b,SpCas9H840A,gagccagagaggatcctggg,gttttagagctagaaatagcaagttaaaataaggctagtccgttatcaacttgaaaaagtggcaccgagtcggtgc,gtctggtcaaccaccgcggtctcagtggtgtacggtacaaacctaggatcctctc
AAVS1_B1701c,SpCas9H840A,gagccagagaggatcctggg,gttttagagctagaaatagcaagttaaaataaggctagtccgttatcaacttgaaaaagtggcaccgagtcggtgc,tctggtcaaccaccgcggtctcagtggtgtacggtacaaacctaggatcctctctg
AAVS1_B1705a,SpCas9H840A,gatggagccagagaggatcc,gttttagagctagaaatagcaagttaaaataaggctagtccgttatcaacttgaaaaagtggcaccgagtcggtgc,gtctggtcaaccaccgcggtctcagtggtgtacggtacaaaccttcctctctg
AAVS1_B1705b,SpCas9H840A,gatggagccagagaggatcc,gttttagagctagaaatagcaagttaaaataaggctagtccgttatcaacttgaaaaagtggcaccgagtcggtgc,gtctggtcaaccaccgcggtctcagtggtgtacggtacaaaccttcctctctggc
AAVS1_B1705c,SpCas9H840A,gatggagccagagaggatcc,gttttagagctagaaatagcaagttaaaataaggctagtccgttatcaacttgaaaaagtggcaccgagtcggtgc,tctggtcaaccaccgcggtctcagtggtgtacggtacaaaccttcctctctggctc
AAVS1_B1883a,SpCas9H840A,ggggccactagggacaggat,gttttagagctagaaatagcaagttaaaataaggctagtccgttatcaacttgaaaaagtggcaccgagtcggtgc,gtctggtcaaccaccgcggtctcagtggtgtacggtacaaacctctgtcccta
AAVS1_B1883b,SpCas9H840A,ggggccactagggacaggat,gttttagagctagaaatagcaagttaaaataaggctagtccgttatcaacttgaaaaagtggcaccgagtcggtgc,gtctggtcaaccaccgcggtctcagtggtgtacggtacaaacctctgtccctagt
AAVS1_B1883c,SpCas9H840A,ggggccactagggacaggat,gttttagagctagaaatagcaagttaaaataaggctagtccgttatcaacttgaaaaagtggcaccgagtcggtgc,tctggtcaaccaccgcggtctcagtggtgtacggtacaaacctctgtccctagtgg
AAVS1_B1902a,SpCas9H840A,gtcccctccaccccacagtg,gttttagagctagaaatagcaagttaaaataaggctagtccgttatcaacttgaaaaagtggcaccgagtcggtgc,gtctggtcaaccaccgcggtctcagtggtgtacggtacaaaccttgtggggtg
AAVS1_B1902b,SpCas9H840A,gtcccctccaccccacagtg,gttttagagctagaaatagcaagttaaaataaggctagtccgttatcaacttgaaaaagtggcaccgagtcggtgc,gtctggtcaaccaccgcggtctcagtggtgtacggtacaaaccttgtggggtgga
AAVS1_B1902c,SpCas9H840A,gtcccctccaccccacagtg,gttttagagctagaaatagcaagttaaaataaggctagtccgttatcaacttgaaaaagtggcaccgagtcggtgc,tctggtcaaccaccgcggtctcagtggtgtacggtacaaaccttgtggggtggagg
AAVS1_B1962a,SpCas9H840A,gggaccaccttatattccca,gttttagagctagaaatagcaagttaaaataaggctagtccgttatcaacttgaaaaagtggcaccgagtcggtgc,gtctggtcaaccaccgcggtctcagtggtgtacggtacaaacctgaatataag
AAVS1_B1962b,SpCas9H840A,gggaccaccttatattccca,gttttagagctagaaatagcaagttaaaataaggctagtccgttatcaacttgaaaaagtggcaccgagtcggtgc,gtctggtcaaccaccgcggtctcagtggtgtacggtacaaacctgaatataaggt
AAVS1_B1962c,SpCas9H840A,gggaccaccttatattccca,gttttagagctagaaatagcaagttaaaataaggctagtccgttatcaacttgaaaaagtggcaccgagtcggtgc,tctggtcaaccaccgcggtctcagtggtgtacggtacaaacctgaatataaggtgg
AAVS1_B3839a,SpCas9H840A,gacctgcccagcacaccctg,gttttagagctagaaatagcaagttaaaataaggctagtccgttatcaacttgaaaaagtggcaccgagtcggtgc,gtctggtcaaccaccgcggtctcagtggtgtacggtacaaacctggtgtgctg
AAVS1_B3839b,SpCas9H840A,gacctgcccagcacaccctg,gttttagagctagaaatagcaagttaaaataaggctagtccgttatcaacttgaaaaagtggcaccgagtcggtgc,gtctggtcaaccaccgcggtctcagtggtgtacggtacaaacctggtgtgctggg
AAVS1_B3839c,SpCas9H840A,gacctgcccagcacaccctg,gttttagagctagaaatagcaagttaaaataaggctagtccgttatcaacttgaaaaagtggcaccgagtcggtgc,tctggtcaaccaccgcggtctcagtggtgtacggtacaaacctggtgtgctgggca
AAVS1_B3903a,SpCas9H840A,gcgactcctggaagtggcca,gttttagagctagaaatagcaagttaaaataaggctagtccgttatcaacttgaaaaagtggcaccgagtcggtgc,gtctggtcaaccaccgcggtctcagtggtgtacggtacaaacctccacttcca
AAVS1_B3903b,SpCas9H840A,gcgactcctggaagtggcca,gttttagagctagaaatagcaagttaaaataaggctagtccgttatcaacttgaaaaagtggcaccgagtcggtgc,gtctggtcaaccaccgcggtctcagtggtgtacggtacaaacctccacttccagg
AAVS1_B3903c,SpCas9H840A,gcgactcctggaagtggcca,gttttagagctagaaatagcaagttaaaataaggctagtccgttatcaacttgaaaaagtggcaccgagtcggtgc,tctggtcaaccaccgcggtctcagtggtgtacggtacaaacctccacttccaggag
AAVS1_B3930a,SpCas9H840A,ggacttcccagtgtgcatcg,gttttagagctagaaatagcaagttaaaataaggctagtccgttatcaacttgaaaaagtggcaccgagtcggtgc,gtctggtcaaccaccgcggtctcagtggtgtacggtacaaaccttgcacactg
AAVS1_B3930b,SpCas9H840A,ggacttcccagtgtgcatcg,gttttagagctagaaatagcaagttaaaataaggctagtccgttatcaacttgaaaaagtggcaccgagtcggtgc,gtctggtcaaccaccgcggtctcagtggtgtacggtacaaaccttgcacactggg
AAVS1_B3930c,SpCas9H840A,ggacttcccagtgtgcatcg,gttttagagctagaaatagcaagttaaaataaggctagtccgttatcaacttgaaaaagtggcaccgagtcggtgc,tctggtcaaccaccgcggtctcagtggtgtacggtacaaaccttgcacactgggaa